title,company,apply_link
Senior Python Engineer,DataKitchen,https://weworkremotely.com/remote-jobs/datakitchen-senior-python-engineer
"Open Source Developer & DevOps (Python, Django, React, AWS/OpenStack)",OpenCraft,https://weworkremotely.com/remote-jobs/opencraft-open-source-developer-devops-python-django-react-aws-openstack
Senior Python Developer,Maxiom Apps,https://weworkremotely.com/remote-jobs/maxiom-apps-senior-python-developer
Senior Python Engineer,RebelMouse,https://weworkremotely.com/remote-jobs/rebelmouse-senior-python-engineer-1
"Software Engineer - Python, Remote",Myagi,https://weworkremotely.com/remote-jobs/myagi-software-engineer-python-remote
Lead Python Engineer,Nathan James,https://weworkremotely.com/top-remote-companies
Senior Python Developer,Kaiju Capital Management,https://weworkremotely.com/remote-jobs/kaiju-capital-management-senior-python-developer
Senior Data Scientist (Python),NannyML,https://weworkremotely.com/listings/nannyml-senior-data-scientist-python
Python Full Stack Software Developer (senior) - remote,Bubbling,https://weworkremotely.com/remote-jobs/bubbling-python-full-stack-software-developer-senior-remote-1
Full Stack Developer (Python & Vue.js),Motoinsight,https://weworkremotely.com/remote-jobs/motoinsight-full-stack-developer-python-vue-js
Senior Python Developer Itemize,FinTech AI Company,https://remoteok.io/remote-jobs/103495-remote-senior-python-developer-itemize-fintech-ai-company
Python Developer,Ampcontrol,https://remoteok.io/remote-jobs/103491-remote-python-developer-ampcontrol
Software Engineer,Argyle,https://remoteok.io/remote-jobs/103424-remote-software-engineer-argyle
Senior Software Engineer,Administrate,https://remoteok.io/remote-jobs/103216-remote-senior-software-engineer-administrate
Senior Open Source Developer DevOps,OpenCraft,https://remoteok.io/remote-jobs/103181-remote-senior-open-source-developer-devops-opencraft
Lead Salesforce Developer,Georgia Institute of Technology,https://remoteok.io/remote-jobs/103115-remote-lead-salesforce-developer-georgia-institute-of-technology
Senior Software Engineer,Administrate,https://remoteok.io/remote-jobs/102166-remote-senior-software-engineer-administrate
Backend Software Engineer,Nav Inc,https://remoteok.io/remote-jobs/102132-remote-backend-software-engineer-nav-inc
Senior Software Engineer,Iterative,https://remoteok.io/remote-jobs/99244-remote-senior-software-engineer-iterative
Senior Software Engineer Python,Genesys,https://remoteok.io/remote-jobs/103305-remote-senior-software-engineer-python-genesys
Enthousiastic Full Stack Developer With A Python Django Preference,Apicbase Belgium,https://remoteok.io/remote-jobs/103040-remote-enthousiastic-full-stack-developer-with-a-python-django-preference-apicbase-belgium
"SENIOR FULL-STACK DEV WITH RUBY / PYTHON / REACT NATIVE -- 100% REMOTE, FLEXIBLE",Analytics Fire,https://stackoverflow.com/jobs/517987/senior-full-stack-dev-with-ruby-python-react-analytics-fire
Python Backend Developer,Werum IT Solutions - inCyght Data Science,https://stackoverflow.com/jobs/372243/python-backend-developer-werum-it-solutions-incyght
Python Developer,UKG (Ultimate Kronos Group),https://stackoverflow.com/jobs/487629/python-developer-ukg-ultimate-kronos-group
"Senior Software Engineer, Python",Genesys,https://stackoverflow.com/jobs/522071/senior-software-engineer-python-genesys
Senior Python Developer,Trafilea,https://stackoverflow.com/jobs/501177/senior-python-developer-trafilea
Senior Python Engineer,SteepRock Inc,https://stackoverflow.com/jobs/383269/senior-python-engineer-steeprock-inc
Django / Python Developer,Divio,https://stackoverflow.com/jobs/519517/django-python-developer-divio
Senior Python Developer Remote (f/m/d),Ambient Innovation: GmbH,https://stackoverflow.com/jobs/493874/senior-python-developer-remote-f-m-d-ambient-innovation-gmbh
Django (Python) Back End Developer,"Daupler, Inc.",https://stackoverflow.com/jobs/523350/django-python-back-end-developer-daupler-inc
Software Engineer (Python),Pagefreezer,https://stackoverflow.com/jobs/501239/software-engineer-python-pagefreezer
Senior Full-Stack Django/Python Developer,"Share Edge, LLC",https://stackoverflow.com/jobs/501234/senior-full-stack-django-python-developer-share-edge-llc
"Senior Software Engineer, Python",YouGov,https://stackoverflow.com/jobs/514399/senior-software-engineer-python-yougov
Senior Python Software Developer - Remote,Upstack,https://stackoverflow.com/jobs/422072/senior-python-software-developer-remote-upstack
Python Architect - REMOTE WORK,BairesDev LLC,https://stackoverflow.com/jobs/514657/python-architect-remote-work-bairesdev-llc
Senior Python Engineer,YouGov,https://stackoverflow.com/jobs/509007/senior-python-engineer-yougov
Python Web Developer,RavenPack International SL.,https://stackoverflow.com/jobs/470988/python-web-developer-ravenpack-international-sl
Python Developer - Internal Systems,Zyte (formerly Scrapinghub),https://stackoverflow.com/jobs/522489/python-developer-internal-systems-zyte-formerly-scrapinghub
Senior Software Engineer - Python,Andela,https://stackoverflow.com/jobs/515967/senior-software-engineer-python-andela
Python Developer - REMOTE WORK,BairesDev LLC,https://stackoverflow.com/jobs/516938/python-developer-remote-work-bairesdev-llc
Senior Python Developer,"Perch Security, Inc.",https://stackoverflow.com/jobs/500468/senior-python-developer-perch-security-inc
Senior Fullstack Engineer - Python / Django / React,StyleSeat,https://stackoverflow.com/jobs/522691/senior-fullstack-engineer-python-django-styleseat
Python/Django Developer (f/m/d),TeleClinic GmbH,https://stackoverflow.com/jobs/514324/python-django-developer-f-m-d-teleclinic-gmbh
Enthousiastic Full-stack Developer with a Python-Django preference!,Apicbase Belgium,https://stackoverflow.com/jobs/515716/enthousiastic-full-stack-developer-with-a-python-apicbase-belgium
Full Stack Python / Django / React Dev for Awesome Saas,"Lead Sherpa, Inc.",https://stackoverflow.com/jobs/522688/full-stack-python-django-react-dev-for-lead-sherpa-inc
Senior Fullstack Python Developer,Backtracks,https://stackoverflow.com/jobs/509421/senior-fullstack-python-developer-backtracks
"SENIOR FULL-STACK DEV WITH RUBY / PYTHON / REACT NATIVE -- 100% REMOTE, FLEXIBLE",Analytics Fire,https://stackoverflow.com/jobs/517987/senior-full-stack-dev-with-ruby-python-react-analytics-fire
Enthousiastic Full-stack Developer with a Python-Django preference!,Apicbase Belgium,https://stackoverflow.com/jobs/515716/enthousiastic-full-stack-developer-with-a-python-apicbase-belgium
Senior Fullstack Python Developer,Backtracks,https://stackoverflow.com/jobs/509421/senior-fullstack-python-developer-backtracks
Full Stack Python / Django / React Dev for Awesome Saas,"Lead Sherpa, Inc.",https://stackoverflow.com/jobs/522688/full-stack-python-django-react-dev-for-lead-sherpa-inc
Senior Python Developer,Marketer Technologies AS,https://stackoverflow.com/jobs/518200/senior-python-developer-marketer-technologies-as
Senior Python Back End Engineer (Remote-LatAm),Loadsmart,https://stackoverflow.com/jobs/508341/senior-python-back-end-engineer-remote-latam-loadsmart
Python Engineer,"TileDB, Inc.",https://stackoverflow.com/jobs/419347/python-engineer-tiledb-inc
"Software Engineer, Integration QA, Python",Canonical,https://stackoverflow.com/jobs/451978/software-engineer-integration-qa-python-canonical
Software Engineer (Python Experience),Packet Fabric,https://stackoverflow.com/jobs/523126/software-engineer-python-experience-packet-fabric
Senior Software Engineer - C++/Python,Optibrium,https://stackoverflow.com/jobs/519482/senior-software-engineer-c-plus-plus-python-optibrium
Python Engineer,Everli,https://stackoverflow.com/jobs/516456/python-engineer-everli
Lead Python Developer,Mashtraxx,https://stackoverflow.com/jobs/518922/lead-python-developer-mashtraxx
Senior Python Developer,AIM,https://stackoverflow.com/jobs/503595/senior-python-developer-aim
Big Data Python/Java Developer,Boyle Software,https://stackoverflow.com/jobs/158726/big-data-python-java-developer-boyle-software
"Senior Software Engineer, Integration QA, Python",Canonical,https://stackoverflow.com/jobs/519661/senior-software-engineer-integration-qa-python-canonical
"Senior Software Engineer with Java, C#, JavaScript, or Python",VMware Bulgaria,https://stackoverflow.com/jobs/519962/senior-software-engineer-with-java-c-sharp-vmware-bulgaria
Senior Python Developer (d/f/m),ACCURE Battery Intelligence GmbH,https://stackoverflow.com/jobs/513344/senior-python-developer-d-f-m-accure-battery-intelligence
"Open Source Developer & DevOps (Python, Django, AWS, OpenStack)",OpenCraft,https://stackoverflow.com/jobs/453430/open-source-developer-devops-python-django-opencraft
Python Developer [m/w/x],Skalar Systems,https://stackoverflow.com/jobs/484866/python-developer-m-w-x-skalar-systems
Full-Stack PHP/Python Web Developer,Kettle,https://stackoverflow.com/jobs/295624/full-stack-php-python-web-developer-kettle
"Senior Python Engineer, EdTech - U.S. Remote",Schoolytics,https://stackoverflow.com/jobs/486400/senior-python-engineer-edtech-us-remote-schoolytics
Mid Python Developer,OpsTalent,https://stackoverflow.com/jobs/450822/mid-python-developer-opstalent
Cloud - Senior Python Developer - Billing,Elastic,https://stackoverflow.com/jobs/522092/cloud-senior-python-developer-billing-elastic
"Senior Machine Learning Engineer (Python, TensorFlow)",The Meet Group,https://stackoverflow.com/jobs/496024/senior-machine-learning-engineer-python-the-meet-group
Freelance Insight Engine Developer in Python!,Rialtic,https://stackoverflow.com/jobs/483940/freelance-insight-engine-developer-in-python-rialtic
Lead Full Stack Java Developer - Remote US,Lumen,https://stackoverflow.com/jobs/523482/lead-full-stack-java-developer-remote-us-lumen
"Senior Software Engineer with Java, C#, JavaScript, or Python",VMware Bulgaria,https://stackoverflow.com/jobs/519962/senior-software-engineer-with-java-c-sharp-vmware-bulgaria
Big Data Python/Java Developer,Boyle Software,https://stackoverflow.com/jobs/158726/big-data-python-java-developer-boyle-software
Freelance Insight Engine Developer in Python!,Rialtic,https://stackoverflow.com/jobs/483940/freelance-insight-engine-developer-in-python-rialtic
Senior Python Developer,"Perch Security, Inc.",https://stackoverflow.com/jobs/522847/senior-python-developer-perch-security-inc
Mid Python Developer,OpsTalent,https://stackoverflow.com/jobs/450822/mid-python-developer-opstalent
Automated Testing in Selenium & Cucumber with Python!,Rialtic,https://stackoverflow.com/jobs/520017/automated-testing-in-selenium-cucumber-with-rialtic
Senior Python and Machine Learning Engineer - Remote - EU Time Zone,Cvedia PTE. LTD.,https://stackoverflow.com/jobs/436963/senior-python-and-machine-learning-engineer-cvedia-pte-ltd
Backend developer,VIKTOR,https://stackoverflow.com/jobs/472215/backend-developer-viktor
Mid - Senior Software Developer (Ruby on Rails),ScoutAPM,https://stackoverflow.com/jobs/496624/mid-senior-software-developer-ruby-on-rails-scoutapm
Senior Data Engineer,JBS Custom Software Solutions,https://stackoverflow.com/jobs/510874/senior-data-engineer-jbs-custom-software-solutions
Engineering Manager - Ruby on Rails,ScoutAPM,https://stackoverflow.com/jobs/498479/engineering-manager-ruby-on-rails-scoutapm
Sr .Net Developer,JBS Custom Software Solutions,https://stackoverflow.com/jobs/521450/sr-net-developer-jbs-custom-software-solutions
React Front End Developer,"Daupler, Inc.",https://stackoverflow.com/jobs/523351/react-front-end-developer-daupler-inc
Lead/Principal Software Engineer - NodeJS / TypeScript - 100% remote,Cazana,https://stackoverflow.com/jobs/500533/lead-principal-software-engineer-nodejs-cazana
Full-Stack Web Developer,Hades Technologies AG,https://stackoverflow.com/jobs/518151/full-stack-web-developer-hades-technologies-ag
React Software Developer,Cluby,https://stackoverflow.com/jobs/469377/react-software-developer-cluby
Senior Software Engineer (Remote),Rippling,https://stackoverflow.com/jobs/517387/senior-software-engineer-remote-rippling
Software Development Support Engineer,DriveWealth Technologies LLC,https://stackoverflow.com/jobs/489692/software-development-support-engineer-drivewealth-technologies-llc
Senior Full-Stack Engineers,Kanopi,https://stackoverflow.com/jobs/522706/senior-full-stack-engineers-kanopi
Full Stack Software Developer (remote - EU),Optimile,https://stackoverflow.com/jobs/522439/full-stack-software-developer-remote-eu-optimile
Senior Full-stack Engineer,"ApolloFactor, Inc",https://stackoverflow.com/jobs/521213/senior-full-stack-engineer-apollofactor-inc
Software Engineer,Secureframe,https://stackoverflow.com/jobs/495703/software-engineer-secureframe
Senior Backend Engineer,Penn Interactive Ventures,https://stackoverflow.com/jobs/472047/senior-backend-engineer-penn-interactive-ventures
Full Stack Software Engineer,Omnivore Technologies,https://stackoverflow.com/jobs/522531/full-stack-software-engineer-omnivore-technologies
Senior Backend Engineer (m/w/x) - remote possible,Jimdo,https://stackoverflow.com/jobs/435270/senior-backend-engineer-m-w-x-remote-possible-jimdo
Remote Back-End Senior Software Engineer,SRT Labs,https://stackoverflow.com/jobs/523592/remote-back-end-senior-software-engineer-srt-labs
Senior Full Stack / Back-End App Developer,Arva Intelligence,https://stackoverflow.com/jobs/517111/senior-full-stack-back-end-app-developer-arva-intelligence
Fullstack Developer (f/m/d),TeleClinic GmbH,https://stackoverflow.com/jobs/508937/fullstack-developer-f-m-d-teleclinic-gmbh
Software Engineer (Full Stack),Mind Foundry,https://stackoverflow.com/jobs/522049/software-engineer-full-stack-mind-foundry
Senior Software Engineer - Full-stack,Invitae Corporation,https://stackoverflow.com/jobs/522534/senior-software-engineer-full-stack-invitae-corporation
Software Engineer,Secureframe,https://stackoverflow.com/jobs/495703/software-engineer-secureframe
"Software Engineer, Full Stack",AllTrails,https://stackoverflow.com/jobs/519824/software-engineer-full-stack-alltrails
Senior Backend Software Engineer,Cambly,https://stackoverflow.com/jobs/459158/senior-backend-software-engineer-cambly
"Software Engineer, Back End",Niche,https://stackoverflow.com/jobs/523580/software-engineer-back-end-niche
Senior Software Engineer (Remote),Rippling,https://stackoverflow.com/jobs/517387/senior-software-engineer-remote-rippling
Senior Back-End Web Developer for the #1 Kids Coding Platform,Tynker,https://stackoverflow.com/jobs/494564/senior-back-end-web-developer-for-the-sharp1-kids-tynker
Full Stack Software Developer,ThoughtExchange,https://stackoverflow.com/jobs/507944/full-stack-software-developer-thoughtexchange
Database Software Engineer,YouGov,https://stackoverflow.com/jobs/513337/database-software-engineer-yougov
"Full-stack JS / C++ 3D Senior Engineers (Javascript, WebGL, UE4, Vulkan, ...)",4D Pipeline,https://stackoverflow.com/jobs/499619/full-stack-js-c-plus-plus-3d-senior-engineers-4d-pipeline
Frontend Engineer,Vouched,https://stackoverflow.com/jobs/435259/frontend-engineer-vouched
Backend Engineer,Passio Inc.,https://stackoverflow.com/jobs/513366/backend-engineer-passio-inc
Senior Backend Engineer (x/f/m),Wonder,https://stackoverflow.com/jobs/481173/senior-backend-engineer-x-f-m-wonder
Senior Full-Stack Engineers,Kanopi,https://stackoverflow.com/jobs/522706/senior-full-stack-engineers-kanopi
Senior Cloud Data Architect/Engineer (Remote Considered),Shield AI,https://stackoverflow.com/jobs/468535/senior-cloud-data-architect-engineer-remote-shield-ai
Contract Software Engineer,Calico,https://stackoverflow.com/jobs/518822/contract-software-engineer-calico
Software Development Support Engineer,DriveWealth Technologies LLC,https://stackoverflow.com/jobs/489692/software-development-support-engineer-drivewealth-technologies-llc
Senior Full Stack Engineer at Leading Education Company,Tynker,https://stackoverflow.com/jobs/494562/senior-full-stack-engineer-at-leading-education-tynker
Senior Developer,Cyware Labs,https://stackoverflow.com/jobs/503471/senior-developer-cyware-labs
Full Stack Developer,OpsTalent,https://stackoverflow.com/jobs/463551/full-stack-developer-opstalent
"Senior Backend Software Engineer (PHP, LARAVEL - MUST HAVE)",Givelify,https://stackoverflow.com/jobs/497588/senior-backend-software-engineer-php-laravel-givelify
"Snr Software Engineer: help cancer patients, HL7 feeds",Paige,https://stackoverflow.com/jobs/522183/snr-software-engineer-help-cancer-patients-hl7-paige
Senior Full Stack Engineer at Leading Education Company,Tynker,https://stackoverflow.com/jobs/494562/senior-full-stack-engineer-at-leading-education-tynker
Senior Full Stack Developer,Motosumo ApS,https://stackoverflow.com/jobs/503923/senior-full-stack-developer-motosumo-aps
Software Developer - Backend Platform,SWIMLANE INC,https://stackoverflow.com/jobs/523476/software-developer-backend-platform-swimlane-inc
Software Architect (Django/Flask + React),Self Decode,https://stackoverflow.com/jobs/522628/software-architect-django-flask-plus-react-self-decode
Senior Backend Engineer,Postscript,https://stackoverflow.com/jobs/522524/senior-backend-engineer-postscript
Senior Backend Engineer,"Find Your Info, Corp",https://stackoverflow.com/jobs/469150/senior-backend-engineer-find-your-info-corp
Vue Engineer at Openly - Insurtech,Openly,https://stackoverflow.com/jobs/519599/vue-engineer-at-openly-insurtech-openly
Senior Go Engineer at Openly - Insurtech,Openly,https://stackoverflow.com/jobs/500599/senior-go-engineer-at-openly-insurtech-openly
Remote Back-End Senior Software Engineer,SRT Labs,https://stackoverflow.com/jobs/523592/remote-back-end-senior-software-engineer-srt-labs
Full-Stack Senior Software Engineer,CircleBlack,https://stackoverflow.com/jobs/496039/full-stack-senior-software-engineer-circleblack
Senior Software Engineer,Secureframe,https://stackoverflow.com/jobs/495702/senior-software-engineer-secureframe
Frontend Software Engineer,Practichem,https://stackoverflow.com/jobs/513980/frontend-software-engineer-practichem
Site Reliability Engineer - AWS,Mashtraxx,https://stackoverflow.com/jobs/522216/site-reliability-engineer-aws-mashtraxx
Software Engineer,Asylum Seeker Advocacy Project,https://stackoverflow.com/jobs/521771/software-engineer-asylum-seeker-advocacy-project
Sr. Software Developer - Backend Platform,SWIMLANE INC,https://stackoverflow.com/jobs/523474/sr-software-developer-backend-platform-swimlane-inc
Senior Software Engineer,Property Meld,https://stackoverflow.com/jobs/482952/senior-software-engineer-property-meld
Founding Software Engineer - Backend (Rasgo),Unusual Ventures,https://stackoverflow.com/jobs/485991/founding-software-engineer-backend-rasgo-unusual-ventures
Senior Full Stack / Back-End App Developer,Arva Intelligence,https://stackoverflow.com/jobs/517111/senior-full-stack-back-end-app-developer-arva-intelligence
Backend Engineer,Bizly Inc.,https://stackoverflow.com/jobs/522979/backend-engineer-bizly-inc
Senior Backend Engineer (m/w/x) - remote possible,Jimdo,https://stackoverflow.com/jobs/435270/senior-backend-engineer-m-w-x-remote-possible-jimdo
Backend Engineer,Tessian,https://stackoverflow.com/jobs/475360/backend-engineer-tessian
Senior Software Engineer needed to battle censorship worldwide.,"Brave New Software Project, Inc.",https://stackoverflow.com/jobs/516114/senior-software-engineer-needed-to-battle-brave-new-software-project
Backend Software Engineer- Mortgage Engine,Better,https://stackoverflow.com/jobs/472433/backend-software-engineer-mortgage-engine-better
Senior Software Engineer needed to battle censorship worldwide.,"Brave New Software Project, Inc.",https://stackoverflow.com/jobs/516114/senior-software-engineer-needed-to-battle-brave-new-software-project
PHP Developer for BLOX CMS,TownNews,https://stackoverflow.com/jobs/431681/php-developer-for-blox-cms-townnews
Dev-Ops Engineer,Hummingbot,https://stackoverflow.com/jobs/509038/dev-ops-engineer-hummingbot
Remote Senior Site Reliability Engineer (Kubernetes) - MariaDB,"Source Coders Inc
                        via
Source Coders",https://stackoverflow.com/jobs/523583/remote-senior-site-reliability-engineer-source-coders-inc
Senior Go Engineer at Openly - Insurtech,Openly,https://stackoverflow.com/jobs/500599/senior-go-engineer-at-openly-insurtech-openly
Senior Software Engineer (PHP),PSP Media,https://stackoverflow.com/jobs/486921/senior-software-engineer-php-psp-media
Senior Software Engineer,Secureframe,https://stackoverflow.com/jobs/495702/senior-software-engineer-secureframe
Full-Stack Software Engineer,Strata Oncology,https://stackoverflow.com/jobs/371127/full-stack-software-engineer-strata-oncology
Site Reliability Engineer - AWS,Mashtraxx,https://stackoverflow.com/jobs/522216/site-reliability-engineer-aws-mashtraxx
Software Engineer (Applied Machine Learning Team),Mind Foundry,https://stackoverflow.com/jobs/522058/software-engineer-applied-machine-learning-team-mind-foundry
Software Engineer,Genesys,https://stackoverflow.com/jobs/522078/software-engineer-genesys
Senior Backend Engineer,Postscript,https://stackoverflow.com/jobs/522524/senior-backend-engineer-postscript
Frontend Software Engineer,Practichem,https://stackoverflow.com/jobs/513980/frontend-software-engineer-practichem
Backend Software Engineer,Practichem,https://stackoverflow.com/jobs/516561/backend-software-engineer-practichem
Senior Software Engineer,Karat,https://stackoverflow.com/jobs/523171/senior-software-engineer-karat
Software Technical Lead,Invitae Corporation,https://stackoverflow.com/jobs/522368/software-technical-lead-invitae-corporation
Software Engineer (Vulnerability Data Curation),"GrammaTech, Inc.",https://stackoverflow.com/jobs/510887/software-engineer-vulnerability-data-curation-grammatech-inc
Sr. Software Developer - Backend Platform,SWIMLANE INC,https://stackoverflow.com/jobs/523474/sr-software-developer-backend-platform-swimlane-inc
Software Engineer,Asylum Seeker Advocacy Project,https://stackoverflow.com/jobs/521771/software-engineer-asylum-seeker-advocacy-project
Senior Full Stack Software Engineer,The Washington Post,https://stackoverflow.com/jobs/491992/senior-full-stack-software-engineer-the-washington-post
Software Engineer,Tradewell Technologies,https://stackoverflow.com/jobs/506427/software-engineer-tradewell-technologies
Lead Software Engineer,Bombora,https://stackoverflow.com/jobs/391469/lead-software-engineer-bombora
Senior Software Engineer,"Prefect Technologies, Inc.",https://stackoverflow.com/jobs/514051/senior-software-engineer-prefect-technologies-inc
"Senior Full Stack Engineer with a love for React, Node & Typescript REMOTE",EverReal GmbH,https://stackoverflow.com/jobs/457385/senior-full-stack-engineer-with-a-love-for-react-everreal-gmbh
Java Developer-Microservices OpenShift,CGI Inc.,https://stackoverflow.com/jobs/523357/java-developer-microservices-openshift-cgi-inc
Senior DevOps Engineer,Postscript,https://stackoverflow.com/jobs/522526/senior-devops-engineer-postscript
Lead Software Engineer,Bombora,https://stackoverflow.com/jobs/391469/lead-software-engineer-bombora
Senior Software Engineer,"Prefect Technologies, Inc.",https://stackoverflow.com/jobs/514051/senior-software-engineer-prefect-technologies-inc
"Senior Full Stack Engineer with a love for React, Node & Typescript REMOTE",EverReal GmbH,https://stackoverflow.com/jobs/457385/senior-full-stack-engineer-with-a-love-for-react-everreal-gmbh
Software Engineer (ML),Parenthetic,https://stackoverflow.com/jobs/477598/software-engineer-ml-parenthetic
Senior Backend Developer (Remote),Hypothesis.is,https://stackoverflow.com/jobs/458449/senior-backend-developer-remote-hypothesisis
Software Engineer,Ledger Investing,https://stackoverflow.com/jobs/445674/software-engineer-ledger-investing
Software Architect - Remote,SemanticBits,https://stackoverflow.com/jobs/522641/software-architect-remote-semanticbits
Senior Data Engineer - Full Stack,Goodway Group,https://stackoverflow.com/jobs/498459/senior-data-engineer-full-stack-goodway-group
"Snr Software Engineer: help cancer patients, HL7 feeds",Paige,https://stackoverflow.com/jobs/522183/snr-software-engineer-help-cancer-patients-hl7-paige
Full Stack Engineer,LeadIQ,https://stackoverflow.com/jobs/522484/full-stack-engineer-leadiq
Frontend Engineer,proton.ai,https://stackoverflow.com/jobs/514653/frontend-engineer-protonai
Fullstack Engineer,TRAMES Pte Ltd,https://stackoverflow.com/jobs/460394/fullstack-engineer-trames-pte-ltd
Backend Engineer,Tidepool,https://stackoverflow.com/jobs/490522/backend-engineer-tidepool
"SRE and DevOps Consultant (FT, Remote)",Bitovi,https://stackoverflow.com/jobs/523016/sre-and-devops-consultant-ft-remote-bitovi
Sr. Backend Developer,Marketcircle,https://stackoverflow.com/jobs/518217/sr-backend-developer-marketcircle
Senior Software Developer Full-Stack,NAVIS,https://stackoverflow.com/jobs/500259/senior-software-developer-full-stack-navis
Senior Backend Engineer,"Find Your Info, Corp",https://stackoverflow.com/jobs/469150/senior-backend-engineer-find-your-info-corp
Senior Full Stack Developer/ Team Lead [Remote],Creative Mines,https://stackoverflow.com/jobs/500245/senior-full-stack-developer-team-lead-remote-creative-mines
Senior Node/React Full-Stack Developer,"Gorilla Logic, Inc.",https://stackoverflow.com/jobs/523491/senior-node-react-full-stack-developer-gorilla-logic-inc
Backend JS engineer,Hummingbot,https://stackoverflow.com/jobs/518817/backend-js-engineer-hummingbot
Head of Engineering - Remote,Black Spectacles,https://stackoverflow.com/jobs/488075/head-of-engineering-remote-black-spectacles
Senior Backend Engineer,AptEdge.io,https://stackoverflow.com/jobs/457415/senior-backend-engineer-aptedgeio
"Senior Full Stack Engineer (Elixir, React | Fully Remote)",Gustav Technologies Inc,https://stackoverflow.com/jobs/522662/senior-full-stack-engineer-elixir-react-fully-gustav-technologies-inc
Senior Software Engineer,Property Meld,https://stackoverflow.com/jobs/482952/senior-software-engineer-property-meld
Full Stack Software Developer,Advanced Energy Economy,https://stackoverflow.com/jobs/481797/full-stack-software-developer-advanced-energy-economy
Senior Backend Engineer,"Turn Technologies, Inc.",https://stackoverflow.com/jobs/488301/senior-backend-engineer-turn-technologies-inc
Cloud-Engineer Remote (f/m/d),Ambient Innovation: GmbH,https://stackoverflow.com/jobs/493875/cloud-engineer-remote-f-m-d-ambient-innovation-gmbh
Senior Backend Engineer,AptEdge.io,https://stackoverflow.com/jobs/457415/senior-backend-engineer-aptedgeio
Senior Node/React Full-Stack Developer,"Gorilla Logic, Inc.",https://stackoverflow.com/jobs/523491/senior-node-react-full-stack-developer-gorilla-logic-inc
Cloud Engineer,Genesys,https://stackoverflow.com/jobs/522081/cloud-engineer-genesys
Programador backend senior,Afterbanks,https://stackoverflow.com/jobs/392603/programador-backend-senior-afterbanks
Backend Software Engineer- Mortgage Engine,Better,https://stackoverflow.com/jobs/472433/backend-software-engineer-mortgage-engine-better
Backend Engineer,Tessian,https://stackoverflow.com/jobs/475360/backend-engineer-tessian
Backend Engineer,Density,https://stackoverflow.com/jobs/521197/backend-engineer-density
Senior Software Engineer (Security) - 100% remote (UK/EU only),Form3 - Financial Cloud,https://stackoverflow.com/jobs/373270/senior-software-engineer-security-100-remote-form3-financial-cloud
Software Engineer,DialogTech,https://stackoverflow.com/jobs/508370/software-engineer-dialogtech
Senior Software Engineer,SoundExchange,https://stackoverflow.com/jobs/496069/senior-software-engineer-soundexchange
Backend JS engineer,Hummingbot,https://stackoverflow.com/jobs/518817/backend-js-engineer-hummingbot
Senior Software Developer In Test,Jelli,https://stackoverflow.com/jobs/510883/senior-software-developer-in-test-jelli
Senior Software Developer In Test,Jelli,https://stackoverflow.com/jobs/510882/senior-software-developer-in-test-jelli
Frontend Engineer,Bizly Inc.,https://stackoverflow.com/jobs/522978/frontend-engineer-bizly-inc
Software Development Engineer in Test,SDVI,https://stackoverflow.com/jobs/219487/software-development-engineer-in-test-sdvi
Senior Software Engineer,Stardog Union,https://stackoverflow.com/jobs/521448/senior-software-engineer-stardog-union
Software Developer (Full-Stack with React),NAVIS,https://stackoverflow.com/jobs/500258/software-developer-full-stack-with-react-navis
Senior Backend Ruby Engineer (Remote),Elevate Labs,https://stackoverflow.com/jobs/491972/senior-backend-ruby-engineer-remote-elevate-labs
Lead Software Engineer - Analytics,Genesys,https://stackoverflow.com/jobs/522903/lead-software-engineer-analytics-genesys
Full Stack Software Engineer,ResoluteAI,https://stackoverflow.com/jobs/512379/full-stack-software-engineer-resoluteai
Senior DevOps Engineer at Fintech - remote work option within Germany (m/f/div),Elinvar GmbH,https://stackoverflow.com/jobs/419676/senior-devops-engineer-at-fintech-remote-work-elinvar-gmbh
Solutions Engineer,Deepgram,https://stackoverflow.com/jobs/431389/solutions-engineer-deepgram
Senior Full Stack Software Engineer,Samotics,https://stackoverflow.com/jobs/516831/senior-full-stack-software-engineer-samotics
Lead developer Go+Angular,CEL,https://stackoverflow.com/jobs/495979/lead-developer-go-plusangular-cel
Full Stack Engineer,Deepgram,https://stackoverflow.com/jobs/430520/full-stack-engineer-deepgram
Backend Software Engineer: Go,Green Man Gaming Limited,https://stackoverflow.com/jobs/519975/backend-software-engineer-go-green-man-gaming-limited
Ab Initio Developer,"Ciber Global, LLC",https://stackoverflow.com/jobs/523479/ab-initio-developer-ciber-global-llc
Senior Backend Engineer @ Number One Safety App In the World,Citizen,https://stackoverflow.com/jobs/499674/senior-backend-engineer-number-one-safety-app-citizen
Software Engineer,SUSE,https://stackoverflow.com/jobs/514397/software-engineer-suse
Senior Software Developer C++,By - Access Control Systems,https://stackoverflow.com/jobs/492501/senior-software-developer-c-plus-plus-by-access-control-systems
Senior Software Engineer,"Prefect Technologies, Inc.",https://stackoverflow.com/jobs/514051/senior-software-engineer-prefect-technologies-inc
Chromium Software Engineer,eyeo GmbH,https://stackoverflow.com/jobs/509364/chromium-software-engineer-eyeo-gmbh
Senior Backend Developer (Remote),Hypothesis.is,https://stackoverflow.com/jobs/458449/senior-backend-developer-remote-hypothesisis
Senior Software Engineering Manager - Customer Shopping Experience,Assurance,https://stackoverflow.com/jobs/505652/senior-software-engineering-manager-customer-assurance
Senior Front End / Javascript / React Engineer,Qloo,https://stackoverflow.com/jobs/522716/senior-front-end-javascript-react-engineer-qloo
Senior Software Engineer,Vista Higher Learning,https://stackoverflow.com/jobs/522806/senior-software-engineer-vista-higher-learning
(Senior) Data Scientist (f/m/d),real.digital,https://stackoverflow.com/jobs/501201/senior-data-scientist-f-m-d-realdigital
Senior Software Engineer,Apli Mexico S de RL de CV,https://stackoverflow.com/jobs/504966/senior-software-engineer-apli-mexico-s-de-rl-de-cv
DevOps Engineer,Vouched,https://stackoverflow.com/jobs/504563/devops-engineer-vouched
Senior Ruby on Rail Web Developer,Wishpond Technologies Inc.,https://stackoverflow.com/jobs/13682/senior-ruby-on-rail-web-developer-wishpond-technologies-inc
Senior Software Engineer (Platform),Aloe Care Health,https://stackoverflow.com/jobs/401772/senior-software-engineer-platform-aloe-care-health
Full Stack Technical Lead,SSENSE,https://stackoverflow.com/jobs/516156/full-stack-technical-lead-ssense
Senior Back-End Software Engineer,pulseData,https://stackoverflow.com/jobs/448331/senior-back-end-software-engineer-pulsedata
"Full Stack Engineer, Data Platform",Bright Cellars,https://stackoverflow.com/jobs/510710/full-stack-engineer-data-platform-bright-cellars
SR Django Developer,Trafilea,https://stackoverflow.com/jobs/429467/sr-django-developer-trafilea
Geospatial Developer,"Geographic Information Services, Inc.",https://stackoverflow.com/jobs/22075/geospatial-developer-geographic-information
Head of Engineering - Remote,Black Spectacles,https://stackoverflow.com/jobs/488075/head-of-engineering-remote-black-spectacles
Senior DevOps Engineer,Postscript,https://stackoverflow.com/jobs/522526/senior-devops-engineer-postscript
Full Stack Software Developer,WeyMedia,https://stackoverflow.com/jobs/507643/full-stack-software-developer-weymedia
Senior Frontend Engineer (x/f/m),Wonder,https://stackoverflow.com/jobs/481172/senior-frontend-engineer-x-f-m-wonder
"Senior Full Stack Engineer (Elixir, React | Fully Remote)",Gustav Technologies Inc,https://stackoverflow.com/jobs/522662/senior-full-stack-engineer-elixir-react-fully-gustav-technologies-inc
Fullstack Engineer,Vouched,https://stackoverflow.com/jobs/435257/fullstack-engineer-vouched
Senior WebRTC Engineer (x/f/m),Wonder,https://stackoverflow.com/jobs/481174/senior-webrtc-engineer-x-f-m-wonder
Senior DevOps Engineer,Flyr Inc,https://stackoverflow.com/jobs/522351/senior-devops-engineer-flyr-inc
Data Engineer (Remote),iFit,https://stackoverflow.com/jobs/488304/data-engineer-remote-ifit
DevOps Engineer,Self Decode,https://stackoverflow.com/jobs/522639/devops-engineer-self-decode
Cloud-Engineer Remote (f/m/d),Ambient Innovation: GmbH,https://stackoverflow.com/jobs/493875/cloud-engineer-remote-f-m-d-ambient-innovation-gmbh
DevOps Engineer,CARFAX Europe GmbH,https://stackoverflow.com/jobs/523323/devops-engineer-carfax-europe-gmbh
Site Reliability Engineer,Luma Financial Technologies,https://stackoverflow.com/jobs/522637/site-reliability-engineer-luma-financial-technologies
Programador backend senior,Afterbanks,https://stackoverflow.com/jobs/392603/programador-backend-senior-afterbanks
DevOps Engineer,MayStreet Inc.,https://stackoverflow.com/jobs/491986/devops-engineer-maystreet-inc
Senior Systems Software Engineer - Cisco Meraki - Fully Remote,"Cisco Meraki
                        via
Source Coders",https://stackoverflow.com/jobs/516648/senior-systems-software-engineer-cisco-meraki-cisco-meraki
Software Engineer,DialogTech,https://stackoverflow.com/jobs/508370/software-engineer-dialogtech
Senior Full Stack Engineer,"GridUnity, Inc",https://stackoverflow.com/jobs/400404/senior-full-stack-engineer-gridunity-inc
Senior Software Developer In Test,Jelli,https://stackoverflow.com/jobs/510883/senior-software-developer-in-test-jelli
Senior Software Developer In Test,Jelli,https://stackoverflow.com/jobs/510882/senior-software-developer-in-test-jelli
Data Engineer (f/m/d),real.digital,https://stackoverflow.com/jobs/501210/data-engineer-f-m-d-realdigital
Senior Developer,American Logistics,https://stackoverflow.com/jobs/522889/senior-developer-american-logistics
SRE/DevOps Engineer  (mid/senior),FATMAP,https://stackoverflow.com/jobs/522789/sre-devops-engineer-mid-senior-fatmap
Senior Data Engineer (Scala and Spark experience) - Remote,SemanticBits,https://stackoverflow.com/jobs/522646/senior-data-engineer-scala-and-spark-experience-semanticbits
Software Developer (Full-Stack with React),NAVIS,https://stackoverflow.com/jobs/500258/software-developer-full-stack-with-react-navis
Software Developer In Test,Lumen,https://stackoverflow.com/jobs/483719/software-developer-in-test-lumen
DevOps Engineer,MayStreet Inc.,https://stackoverflow.com/jobs/491986/devops-engineer-maystreet-inc
QA Automation Senior - REMOTE WORK,BairesDev LLC,https://stackoverflow.com/jobs/514666/qa-automation-senior-remote-work-bairesdev-llc
"Data Analyst Interested in Social Networks, ML and User Experience",FieldLevel,https://stackoverflow.com/jobs/522682/data-analyst-interested-in-social-networks-ml-fieldlevel
Senior Software Engineer,Administrate,https://stackoverflow.com/jobs/522939/senior-software-engineer-administrate
Senior Full Stack Engineer,"GridUnity, Inc",https://stackoverflow.com/jobs/400404/senior-full-stack-engineer-gridunity-inc
Senior Software Developer,"Bankhead Technologies, Inc.",https://stackoverflow.com/jobs/491988/senior-software-developer-bankhead-technologies-inc
Customer Care,knk Group,https://stackoverflow.com/jobs/513779/customer-care-knk-group
Senior Ruby on Rail Web Developer,Wishpond Technologies Inc.,https://stackoverflow.com/jobs/13682/senior-ruby-on-rail-web-developer-wishpond-technologies-inc
"Manager, Agile Delivery",Visual Lease,https://stackoverflow.com/jobs/482082/manager-agile-delivery-visual-lease
Software Architect,Trafilea,https://stackoverflow.com/jobs/463642/software-architect-trafilea
Web Developer,Voipfone,https://stackoverflow.com/jobs/515923/web-developer-voipfone
Software Developer In Test,Lumen,https://stackoverflow.com/jobs/483719/software-developer-in-test-lumen
REMOTE Odoo Developer / Technical Consultant,Odoo,https://stackoverflow.com/jobs/167364/remote-odoo-developer-technical-consultant-odoo
"Full Stack Developer, CMS","U.S. News & World Report, Inc.",https://stackoverflow.com/jobs/468941/full-stack-developer-cms-us-news-world-report-inc
Senior Back-End Software Engineer,pulseData,https://stackoverflow.com/jobs/448331/senior-back-end-software-engineer-pulsedata
Remote C++ Software Engineer (w/m/d),Leica Geosystems AG,https://stackoverflow.com/jobs/500227/remote-c-plus-plus-software-engineer-w-m-d-leica-geosystems-ag
Senior Ruby on Rails Engineer,Contently,https://stackoverflow.com/jobs/497131/senior-ruby-on-rails-engineer-contently
Principal DevOps Engineer,"Huxley Banking & Financial Services
                        via
Huxley (US)",https://stackoverflow.com/jobs/522823/principal-devops-engineer-huxley-banking-financial
Front-End Engineer,Hummingbot,https://stackoverflow.com/jobs/440502/front-end-engineer-hummingbot
Senior Data Warehouse Engineer [100% REMOTE],Clevertech,https://stackoverflow.com/jobs/522950/senior-data-warehouse-engineer-100-remote-clevertech
Machine Learning Engineer,Mind Foundry,https://stackoverflow.com/jobs/522056/machine-learning-engineer-mind-foundry
"Cloud Operations Engineer, EMEA",Canonical,https://stackoverflow.com/jobs/522546/cloud-operations-engineer-emea-canonical
Anti-Fraud Engineer,Brave Software,https://stackoverflow.com/jobs/445655/anti-fraud-engineer-brave-software
Lead Software Engineer,Zero Hash,https://stackoverflow.com/jobs/516611/lead-software-engineer-zero-hash
QA Engineer - Full Stack SDET (Remote),Psychology Today,https://stackoverflow.com/jobs/496617/qa-engineer-full-stack-sdet-remote-psychology-today
Experienced Full Stack Engineer - Remote,"Theorem, LLC",https://stackoverflow.com/jobs/499683/experienced-full-stack-engineer-remote-theorem-llc
"DevOps / SRE (Remote, Canada)",Platform.sh,https://stackoverflow.com/jobs/522576/devops-sre-remote-canada-platformsh
Software Engineer,"Staircase
                        via
Flexhire",https://stackoverflow.com/jobs/517300/software-engineer-staircase
"Senior Backend Engineer, Payments",Spotify,https://stackoverflow.com/jobs/522636/senior-backend-engineer-payments-spotify
Senior SDET / QA Automation Engineer,VideoPeel,https://stackoverflow.com/jobs/522915/senior-sdet-qa-automation-engineer-videopeel
"Software Engineer II, Games",Simulmedia,https://stackoverflow.com/jobs/523166/software-engineer-ii-games-simulmedia
Software Engineer - Ubuntu Server,Canonical,https://stackoverflow.com/jobs/453719/software-engineer-ubuntu-server-canonical
DevOps Engineer,"Techcyte, Inc.",https://stackoverflow.com/jobs/508677/devops-engineer-techcyte-inc
Senior Java Backend Engineer,Wizenoze,https://stackoverflow.com/jobs/520012/senior-java-backend-engineer-wizenoze
Sr. Software Engineer (Delphi),Addison Group,https://stackoverflow.com/jobs/518372/sr-software-engineer-delphi-addison-group
Senior ML & Data Infrastructure Engineer,"Verdigris Technologies, Inc.",https://stackoverflow.com/jobs/523318/senior-ml-data-infrastructure-engineer-verdigris-technologies-inc
Data Engineer (Data Mining | Scraping),Nolk,https://stackoverflow.com/jobs/472580/data-engineer-data-mining-scraping-nolk
Senior Software Engineer,PestRoutes,https://stackoverflow.com/jobs/410497/senior-software-engineer-pestroutes
Lead Infrastructure Engineer,MindsDB,https://stackoverflow.com/jobs/523046/lead-infrastructure-engineer-mindsdb
Data Analyst in KÃ¶ln und/oder remote,Studitemps,https://stackoverflow.com/jobs/500548/data-analyst-in-k%C3%B6ln-und-oder-remote-studitemps
QA Engineer,SUSE,https://stackoverflow.com/jobs/522661/qa-engineer-suse
Data DevOps Engineer,Montash,https://stackoverflow.com/jobs/523447/data-devops-engineer-montash
Senior Performance Engineer,Jelli,https://stackoverflow.com/jobs/514644/senior-performance-engineer-jelli
Data Engineer,Everli,https://stackoverflow.com/jobs/508326/data-engineer-everli
Software Engineer @ Enveil,Enveil,https://stackoverflow.com/jobs/166432/software-engineer-enveil-enveil
AWS DevOps Engineer,"GridUnity, Inc",https://stackoverflow.com/jobs/417799/aws-devops-engineer-gridunity-inc
"Engineer, Android",Citizen,https://stackoverflow.com/jobs/499672/engineer-android-citizen
"Machine Learning Engineer, Spark/Pyspark",Addison Group,https://stackoverflow.com/jobs/522957/machine-learning-engineer-spark-pyspark-addison-group
Data Engineer - Warehouse,C2FO,https://stackoverflow.com/jobs/522984/data-engineer-warehouse-c2fo
Senior DevOps Engineer (x/f/m),Wonder,https://stackoverflow.com/jobs/492546/senior-devops-engineer-x-f-m-wonder
Sr. Software Engineer- Data & Analytics,DMG,https://stackoverflow.com/jobs/499631/sr-software-engineer-data-analytics-dmg
Data Engineer - Warehouse,C2FO,https://stackoverflow.com/jobs/522984/data-engineer-warehouse-c2fo
Senior DevOps Engineer (x/f/m),Wonder,https://stackoverflow.com/jobs/492546/senior-devops-engineer-x-f-m-wonder
Experienced Full Stack Engineer - Remote,"Theorem, LLC",https://stackoverflow.com/jobs/499683/experienced-full-stack-engineer-remote-theorem-llc
Full Stack Developer - Ruby / React,Forward Financing,https://stackoverflow.com/jobs/472420/full-stack-developer-ruby-react-forward-financing
Senior DevOps - REMOTE WORK,BairesDev LLC,https://stackoverflow.com/jobs/514663/senior-devops-remote-work-bairesdev-llc
Sr Engineer - Embedded in Rust,Ockam,https://stackoverflow.com/jobs/506025/sr-engineer-embedded-in-rust-ockam
Data Scientist (Remote),Blue Orange Digital,https://stackoverflow.com/jobs/297351/data-scientist-remote-blue-orange-digital
Senior Full Stack Engineer,NOCD,https://stackoverflow.com/jobs/512069/senior-full-stack-engineer-nocd
Senior Site Reliability Engineer,UKG (Ultimate Kronos Group),https://stackoverflow.com/jobs/486408/senior-site-reliability-engineer-ukg-ultimate-kronos-group
Associate Software Engineer,Genesys,https://stackoverflow.com/jobs/522072/associate-software-engineer-genesys
Data Engineer,Etiometry,https://stackoverflow.com/jobs/496276/data-engineer-etiometry
Senior Software Engineer - Identity and Access Platform,Assurance,https://stackoverflow.com/jobs/512734/senior-software-engineer-identity-and-access-assurance
Senior Site Reliability Engineer,Penn Interactive Ventures,https://stackoverflow.com/jobs/481759/senior-site-reliability-engineer-penn-interactive-ventures
Senior Frontend Developer (m/f/d),qiibee,https://stackoverflow.com/jobs/516899/senior-frontend-developer-m-f-d-qiibee
Principal Cloud Architect,UKG (Ultimate Kronos Group),https://stackoverflow.com/jobs/486414/principal-cloud-architect-ukg-ultimate-kronos-group
Senior DevOps Engineer,Bushel,https://stackoverflow.com/jobs/508995/senior-devops-engineer-bushel
Senior Full Stack Developer,Decentral,https://stackoverflow.com/jobs/487668/senior-full-stack-developer-decentral
"Senior Software Engineer, Software Defined Storage",SUSE,https://stackoverflow.com/jobs/505295/senior-software-engineer-software-defined-storage-suse
Cloud Engineer (remote),Platform.sh,https://stackoverflow.com/jobs/493242/cloud-engineer-remote-platformsh
Applied Scientist,Yelp,https://stackoverflow.com/jobs/497089/applied-scientist-yelp
Engineering Manager,"Better Holdco, Inc",https://stackoverflow.com/jobs/466483/engineering-manager-better-holdco-inc
QA Engineer,Zyte (formerly Scrapinghub),https://stackoverflow.com/jobs/517378/qa-engineer-zyte-formerly-scrapinghub
Software Developer (m/f/d) AWS Cloud Technology / IIOT,Hahn Softwareentwicklung,https://stackoverflow.com/jobs/519008/software-developer-m-f-d-aws-cloud-technology-hahn-softwareentwicklung
Field Software Engineer - EMEA,Canonical,https://stackoverflow.com/jobs/501791/field-software-engineer-emea-canonical
Sr Engineer - Embedded in Rust,Ockam,https://stackoverflow.com/jobs/506025/sr-engineer-embedded-in-rust-ockam
Data Engineer,Everli,https://stackoverflow.com/jobs/508326/data-engineer-everli
"Senior Software Engineer, Wikimedia Enterprise","Wikimedia Foundation, Inc.",https://stackoverflow.com/jobs/523367/senior-software-engineer-wikimedia-enterprise-wikimedia-foundation-inc
"Cloud Operations Engineer, Americas",Canonical,https://stackoverflow.com/jobs/522545/cloud-operations-engineer-americas-canonical
Senior Machine Learning Engineer (m/f/d),SimScale,https://stackoverflow.com/jobs/521147/senior-machine-learning-engineer-m-f-d-simscale
AWS DevOps Engineer,"GridUnity, Inc",https://stackoverflow.com/jobs/417799/aws-devops-engineer-gridunity-inc
Mid-Level C#/C++ Software Engineer Who Thrives On Complex Challenges,PEMDAS Technologies and Innovations,https://stackoverflow.com/jobs/498130/mid-level-c-sharp-c-plus-plus-software-engineer-who-thrives-on-pemdas-technologies-and
Data Engineer,"StrongDM, Inc.",https://stackoverflow.com/jobs/458245/data-engineer-strongdm-inc
Principal Cloud Architect,UKG (Ultimate Kronos Group),https://stackoverflow.com/jobs/486414/principal-cloud-architect-ukg-ultimate-kronos-group
Remote Quality Automation Engineer,North American Bancard,https://stackoverflow.com/jobs/522838/remote-quality-automation-engineer-north-american-bancard
Cloud Engineer (remote),Platform.sh,https://stackoverflow.com/jobs/493242/cloud-engineer-remote-platformsh
Senior Cloud Engineer,Stellar Technology Solutions,https://stackoverflow.com/jobs/522836/senior-cloud-engineer-stellar-technology-solutions
Senior DevOps Engineer,Risk Focus,https://stackoverflow.com/jobs/519122/senior-devops-engineer-risk-focus
Experienced Full Stack Engineer - Remote,"Theorem, LLC",https://stackoverflow.com/jobs/499683/experienced-full-stack-engineer-remote-theorem-llc
Cloud Software Engineer (Remote),Element 84,https://stackoverflow.com/jobs/516950/cloud-software-engineer-remote-element-84
Lead Vue.js / PHP developer,HUBX,https://stackoverflow.com/jobs/397027/lead-vuejs-php-developer-hubx
Data Engineer (Remote),iFit,https://stackoverflow.com/jobs/488304/data-engineer-remote-ifit
Software Engineer - SDVI DevOps,SDVI,https://stackoverflow.com/jobs/451626/software-engineer-sdvi-devops-sdvi
Data Engineer,Etiometry,https://stackoverflow.com/jobs/496276/data-engineer-etiometry
Senior Site Reliability Engineer,Penn Interactive Ventures,https://stackoverflow.com/jobs/481759/senior-site-reliability-engineer-penn-interactive-ventures
Senior Frontend Developer (m/f/d),qiibee,https://stackoverflow.com/jobs/516899/senior-frontend-developer-m-f-d-qiibee
Senior/Staff DevOps Engineer,Evidation Health,https://stackoverflow.com/jobs/336567/senior-staff-devops-engineer-evidation-health
Senior React Engineer NYC,"Clinical.ly, Inc.",https://stackoverflow.com/jobs/519607/senior-react-engineer-nyc-clinically-inc
QA Engineer,Zyte (formerly Scrapinghub),https://stackoverflow.com/jobs/517378/qa-engineer-zyte-formerly-scrapinghub
Machine Learning Engineer (Latin America- Remote),Blue Orange Digital,https://stackoverflow.com/jobs/295632/machine-learning-engineer-latin-america-remote-blue-orange-digital
"Solutions Architect, DevOps - Sr Consultant (Remote)",New Context Services,https://stackoverflow.com/jobs/517847/solutions-architect-devops-sr-consultant-new-context-services
Senior Site Reliability Engineer (EMEA),Hotjar,https://stackoverflow.com/jobs/481725/senior-site-reliability-engineer-emea-hotjar
DevOps Softwareentwickler,Paessler AG,https://stackoverflow.com/jobs/142217/devops-softwareentwickler-paessler-ag
Principal Platform Engineer (SRE),Happy Money,https://stackoverflow.com/jobs/482703/principal-platform-engineer-sre-happy-money
"Full Stack Developer, CMS","U.S. News & World Report, Inc.",https://stackoverflow.com/jobs/468941/full-stack-developer-cms-us-news-world-report-inc
Web Developer,Voipfone,https://stackoverflow.com/jobs/515923/web-developer-voipfone
Senior React Engineer NYC,"Clinical.ly, Inc.",https://stackoverflow.com/jobs/519607/senior-react-engineer-nyc-clinically-inc
Senior Ruby Engineer - Remote,Tucows,https://stackoverflow.com/jobs/519782/senior-ruby-engineer-remote-tucows
Data Science & Machine Learning Engineering Manager,Density,https://stackoverflow.com/jobs/521196/data-science-machine-learning-engineering-density
Senior Full Stack Engineer interested in collaborative hardware development,Wikifactory,https://stackoverflow.com/jobs/386765/senior-full-stack-engineer-interested-in-wikifactory
Senior Software Engineer,Administrate,https://stackoverflow.com/jobs/522940/senior-software-engineer-administrate
REMOTE Odoo Developer / Technical Consultant,Odoo,https://stackoverflow.com/jobs/167364/remote-odoo-developer-technical-consultant-odoo
Low Latency Java Developer / Software Engineer - Analyst,GSR,https://stackoverflow.com/jobs/513972/low-latency-java-developer-software-engineer-gsr
Site Reliability Engineer,Flashpoint,https://stackoverflow.com/jobs/483502/site-reliability-engineer-flashpoint
Mid-Level DevOps Engineer,Flyr Inc,https://stackoverflow.com/jobs/522896/mid-level-devops-engineer-flyr-inc
"Director of Engineering (Full Stack); Leader, Mentor, Partner - work with us!",Remixd Media,https://stackoverflow.com/jobs/455957/director-of-engineering-full-stack-leader-remixd-media
Senior Data Warehouse Engineer [100% REMOTE],Clevertech,https://stackoverflow.com/jobs/522950/senior-data-warehouse-engineer-100-remote-clevertech
Senior Data Engineer,Penn Interactive Ventures,https://stackoverflow.com/jobs/471561/senior-data-engineer-penn-interactive-ventures
Technical Lead,DynamicElement AG,https://stackoverflow.com/jobs/523537/technical-lead-dynamicelement-ag
Support Engineer / Tier2 Fullstack Engineer,CommentSold,https://stackoverflow.com/jobs/497133/support-engineer-tier2-fullstack-engineer-commentsold
Principal DevOps Engineer,"Huxley Banking & Financial Services
                        via
Huxley (US)",https://stackoverflow.com/jobs/522823/principal-devops-engineer-huxley-banking-financial
Developer Advocate for Secure Data Exchange,DataMotion Inc.,https://stackoverflow.com/jobs/487665/developer-advocate-for-secure-data-exchange-datamotion-inc
DevOps Engineer,BusPatrol,https://stackoverflow.com/jobs/523322/devops-engineer-buspatrol
DevOps Engineer to Battle Censorship Worldwide,"Brave New Software Project, Inc.",https://stackoverflow.com/jobs/515715/devops-engineer-to-battle-censorship-worldwide-brave-new-software-project
QA Engineer,DKatalis,https://stackoverflow.com/jobs/521169/qa-engineer-dkatalis
QA Engineer - Full Stack SDET (Remote),Psychology Today,https://stackoverflow.com/jobs/496617/qa-engineer-full-stack-sdet-remote-psychology-today
Data Engineer,Addison Group,https://stackoverflow.com/jobs/507943/data-engineer-addison-group
REMOTE Odoo Developer / Technical Consultant,Odoo,https://stackoverflow.com/jobs/167364/remote-odoo-developer-technical-consultant-odoo
Quality Engineer,UKG (Ultimate Kronos Group),https://stackoverflow.com/jobs/486406/quality-engineer-ukg-ultimate-kronos-group
Site Reliability Engineer,Flashpoint,https://stackoverflow.com/jobs/483502/site-reliability-engineer-flashpoint
Senior Fullstack Engineer,Revieve Oy,https://stackoverflow.com/jobs/507268/senior-fullstack-engineer-revieve-oy
"Director of Engineering (Full Stack); Leader, Mentor, Partner - work with us!",Remixd Media,https://stackoverflow.com/jobs/455957/director-of-engineering-full-stack-leader-remixd-media
Senior Data Warehouse Engineer [100% REMOTE],Clevertech,https://stackoverflow.com/jobs/522950/senior-data-warehouse-engineer-100-remote-clevertech
Senior Data Engineer,Penn Interactive Ventures,https://stackoverflow.com/jobs/471561/senior-data-engineer-penn-interactive-ventures
Senior Data Engineer,Andela,https://stackoverflow.com/jobs/519527/senior-data-engineer-andela
DevOps Engineer,QuestionPro Inc,https://stackoverflow.com/jobs/486388/devops-engineer-questionpro-inc
"VP, Senior Network Engineer","Huxley Banking & Financial Services
                        via
Huxley (US)",https://stackoverflow.com/jobs/522786/vp-senior-network-engineer-huxley-banking-financial
Technical Lead,DynamicElement AG,https://stackoverflow.com/jobs/523537/technical-lead-dynamicelement-ag
Principal DevOps Engineer,"Huxley Banking & Financial Services
                        via
Huxley (US)",https://stackoverflow.com/jobs/522823/principal-devops-engineer-huxley-banking-financial
QA Engineer,DKatalis,https://stackoverflow.com/jobs/521169/qa-engineer-dkatalis
Senior Product Designer (UX/UI) for Leading Kids Coding Platform,Tynker,https://stackoverflow.com/jobs/494563/senior-product-designer-ux-ui-for-leading-kids-tynker
Senior Software Engineer,Casana,https://stackoverflow.com/jobs/522982/senior-software-engineer-casana
Data Engineer,"Betterup, Inc.",https://stackoverflow.com/jobs/523557/data-engineer-betterup-inc
Software Engineer - Cloud Images,Canonical,https://stackoverflow.com/jobs/454599/software-engineer-cloud-images-canonical
Full Stack Engineer,Octane AI,https://stackoverflow.com/jobs/472431/full-stack-engineer-octane-ai
"Cloud Operations Engineer, EMEA",Canonical,https://stackoverflow.com/jobs/522546/cloud-operations-engineer-emea-canonical
Senior Security Engineer,Clio,https://stackoverflow.com/jobs/522845/senior-security-engineer-clio
Anti-Fraud Engineer,Brave Software,https://stackoverflow.com/jobs/445655/anti-fraud-engineer-brave-software
Infrastructure Engineer,Omnivore Technologies,https://stackoverflow.com/jobs/509406/infrastructure-engineer-omnivore-technologies
"Snr Backend Engineer: life-changing mission, US/Canada location",Paige,https://stackoverflow.com/jobs/522182/snr-backend-engineer-life-changing-mission-us-paige
Senior DevOps Engineer,Finsera,https://stackoverflow.com/jobs/522969/senior-devops-engineer-finsera
Lead Data Scientist,Assurance,https://stackoverflow.com/jobs/512978/lead-data-scientist-assurance
Senior Data Engineer,Andela,https://stackoverflow.com/jobs/519527/senior-data-engineer-andela
"Snr Backend Engineer: life-changing mission, US/Canada location",Paige,https://stackoverflow.com/jobs/522182/snr-backend-engineer-life-changing-mission-us-paige
Senior Software Engineer,Administrate,https://stackoverflow.com/jobs/522941/senior-software-engineer-administrate
Senior Product Designer (UX/UI) for Leading Kids Coding Platform,Tynker,https://stackoverflow.com/jobs/494563/senior-product-designer-ux-ui-for-leading-kids-tynker
"Senior Software Development Engineer in Test - (SDET, US Only)","Pie Insurance Holdings, Inc.",https://stackoverflow.com/jobs/506438/senior-software-development-engineer-in-test-pie-insurance-holdings-inc
Site Reliability Engineer (f/m/d),real.digital,https://stackoverflow.com/jobs/501203/site-reliability-engineer-f-m-d-realdigital
Quality Engineer,UKG (Ultimate Kronos Group),https://stackoverflow.com/jobs/486406/quality-engineer-ukg-ultimate-kronos-group
Principal Software Engineer,Assurance,https://stackoverflow.com/jobs/505650/principal-software-engineer-assurance
Senior Data Scientist,komoot,https://stackoverflow.com/jobs/406624/senior-data-scientist-komoot
Senior Devops Engineer,Compeat,https://stackoverflow.com/jobs/518627/senior-devops-engineer-compeat
DevOps Engineer,QuestionPro Inc,https://stackoverflow.com/jobs/486388/devops-engineer-questionpro-inc
Senior Backend Engineer,Citrine Informatics,https://stackoverflow.com/jobs/481192/senior-backend-engineer-citrine-informatics
Machine Learning Engineer,Passio Inc.,https://stackoverflow.com/jobs/362218/machine-learning-engineer-passio-inc
Senior DevOps Engineer,Andela,https://stackoverflow.com/jobs/519228/senior-devops-engineer-andela
Houdini Pipeline Developer,Scanline VFX,https://stackoverflow.com/jobs/513981/houdini-pipeline-developer-scanline-vfx
Data Engineer,Samotics,https://stackoverflow.com/jobs/518209/data-engineer-samotics
Senior Big Data Engineer,Kubevisor,https://stackoverflow.com/jobs/458034/senior-big-data-engineer-kubevisor
DevOps Engineer - Remote (Outside US),Agiloft,https://stackoverflow.com/jobs/501828/devops-engineer-remote-outside-us-agiloft
DevOps Engineer,ShipHero,https://stackoverflow.com/jobs/523589/devops-engineer-shiphero
Machine Learning Engineer,ThoughtExchange,https://stackoverflow.com/jobs/515684/machine-learning-engineer-thoughtexchange
Senior Mobile Pipeline/DevOps Engineer,Addison Group,https://stackoverflow.com/jobs/499675/senior-mobile-pipeline-devops-engineer-addison-group
"Software Engineer, Ceph & Storage, EMEA",Canonical,https://stackoverflow.com/jobs/517647/software-engineer-ceph-storage-emea-canonical
"Senior Software Engineer, Wikimedia Enterprise","Wikimedia Foundation, Inc.",https://stackoverflow.com/jobs/523367/senior-software-engineer-wikimedia-enterprise-wikimedia-foundation-inc
Senior Full Stack Developer,Decentral,https://stackoverflow.com/jobs/487668/senior-full-stack-developer-decentral
iOS Engineer,NOCD,https://stackoverflow.com/jobs/512343/ios-engineer-nocd
DevOps Softwareentwickler,Paessler AG,https://stackoverflow.com/jobs/142217/devops-softwareentwickler-paessler-ag
Principal Platform Engineer (SRE),Happy Money,https://stackoverflow.com/jobs/482703/principal-platform-engineer-sre-happy-money
Senior DevOps Engineer,Andela,https://stackoverflow.com/jobs/519228/senior-devops-engineer-andela
Engineering Manager,Tessian,https://stackoverflow.com/jobs/515559/engineering-manager-tessian
"Cloud Support Engineer (Remote, Canada)",Platform.sh,https://stackoverflow.com/jobs/522577/cloud-support-engineer-remote-canada-platformsh
Senior Data Engineer,Penn Interactive Ventures,https://stackoverflow.com/jobs/471561/senior-data-engineer-penn-interactive-ventures
"Director of Engineering (Full Stack); Leader, Mentor, Partner - work with us!",Remixd Media,https://stackoverflow.com/jobs/455957/director-of-engineering-full-stack-leader-remixd-media
Software Engineering Lead - Fast Track,Canonical,https://stackoverflow.com/jobs/522163/software-engineering-lead-fast-track-canonical
"Lead Security Engineer, Cloud Platform",Invitae Corporation,https://stackoverflow.com/jobs/521206/lead-security-engineer-cloud-platform-invitae-corporation
Architect - Rust Library Design,Ockam,https://stackoverflow.com/jobs/505263/architect-rust-library-design-ockam
Technical Lead,DynamicElement AG,https://stackoverflow.com/jobs/523537/technical-lead-dynamicelement-ag
Senior Site Reliability Engineer,"Unanet, Inc.",https://stackoverflow.com/jobs/521117/senior-site-reliability-engineer-unanet-inc
Lead Devops Engineer,Wizenoze,https://stackoverflow.com/jobs/515949/lead-devops-engineer-wizenoze
"Software Engineer, Ceph & Storage, EMEA",Canonical,https://stackoverflow.com/jobs/517647/software-engineer-ceph-storage-emea-canonical
QA Manager,AllTrails,https://stackoverflow.com/jobs/519827/qa-manager-alltrails
Data Engineer,"Betterup, Inc.",https://stackoverflow.com/jobs/523557/data-engineer-betterup-inc
Data Engineer,Possible Finance,https://stackoverflow.com/jobs/505649/data-engineer-possible-finance
Senior Solution Engineer (m/f/d),Signavio,https://stackoverflow.com/jobs/522460/senior-solution-engineer-m-f-d-signavio
Frontend Engineer (React),AllTrails,https://stackoverflow.com/jobs/522533/frontend-engineer-react-alltrails
Cloud Architect,CGI Inc.,https://stackoverflow.com/jobs/523362/cloud-architect-cgi-inc
System Administrator / DevOps (Remote),iubenda,https://stackoverflow.com/jobs/486377/system-administrator-devops-remote-iubenda
Senior Site Reliability Engineer (SRE),Cribl,https://stackoverflow.com/jobs/520184/senior-site-reliability-engineer-sre-cribl
Cloud Native Field Software Engineer - APAC,Canonical,https://stackoverflow.com/jobs/512382/cloud-native-field-software-engineer-apac-canonical
Bionformatics Engineer,Memorial Sloan Kettering Cancer Center,https://stackoverflow.com/jobs/515736/bionformatics-engineer-memorial-sloan-kettering
"DevOps Engineer, FedRamp","Sailpoint Technologies, Inc.",https://stackoverflow.com/jobs/522621/devops-engineer-fedramp-sailpoint-technologies-inc
Integrations Engineer,Tessian,https://stackoverflow.com/jobs/512022/integrations-engineer-tessian
DevOps - F5/Terraform/Ansible Engineer,"Grassroots Technologies, Inc",https://stackoverflow.com/jobs/140896/devops-f5-terraform-ansible-engineer-grassroots-technologies-inc
Machine Learning Engineer,"Betterup, Inc.",https://stackoverflow.com/jobs/523562/machine-learning-engineer-betterup-inc
Director of Engineering Development,"Magic Memories Digital, Ltd.",https://stackoverflow.com/jobs/518358/director-of-engineering-development-magic-memories-digital-ltd
Back End / API Developer,Voipfone,https://stackoverflow.com/jobs/515927/back-end-api-developer-voipfone
Senior API Developer,PestRoutes,https://stackoverflow.com/jobs/496064/senior-api-developer-pestroutes
SecOps Engineer,proton.ai,https://stackoverflow.com/jobs/503892/secops-engineer-protonai
AWS Cloud Engineer - Forever 100% Remote United States,Railroad19,https://stackoverflow.com/jobs/500830/aws-cloud-engineer-forever-100-remote-united-railroad19
Infrastructure Engineer,BlaBlaCar,https://stackoverflow.com/jobs/433406/infrastructure-engineer-blablacar
Automation Test Developer,SUSE,https://stackoverflow.com/jobs/521959/automation-test-developer-suse
Senior Site Reliability Engineer,YouGov,https://stackoverflow.com/jobs/523208/senior-site-reliability-engineer-yougov
Senior Data Scientist,Bright Cellars,https://stackoverflow.com/jobs/481757/senior-data-scientist-bright-cellars
DevOps Engineer,Kinsta,https://stackoverflow.com/jobs/504913/devops-engineer-kinsta
Lead Azure Cloud Engineer,MITRE,https://stackoverflow.com/jobs/515328/lead-azure-cloud-engineer-mitre
Senior Frontend (REACT) Engineer,Givelify,https://stackoverflow.com/jobs/497591/senior-frontend-react-engineer-givelify
Linux System-Administrator mit Schwerpunkt AWS (m/w/d) - Remote,Mercateo Group,https://stackoverflow.com/jobs/495516/linux-system-administrator-mit-schwerpunkt-aws-m-mercateo-group
Security Engineer (remote),Platform.sh,https://stackoverflow.com/jobs/397331/security-engineer-remote-platformsh
Senior Data Scientist (NLP),Parenthetic,https://stackoverflow.com/jobs/477596/senior-data-scientist-nlp-parenthetic
"Application Security Engineer, Product Security",ACV Auctions,https://stackoverflow.com/jobs/513764/application-security-engineer-product-security-acv-auctions
"Senior DevOps Engineer (Contractor, Remote)",New Context Services,https://stackoverflow.com/jobs/517961/senior-devops-engineer-contractor-remote-new-context-services
Senior Android Engineer,Givelify,https://stackoverflow.com/jobs/497584/senior-android-engineer-givelify
Site Reliability Engineer,"Clique Brands, Inc.",https://stackoverflow.com/jobs/517731/site-reliability-engineer-clique-brands-inc
Technical Account Manager - Performance Tuning specialist (remote),Platform.sh,https://stackoverflow.com/jobs/521813/technical-account-manager-performance-tuning-platformsh
Senior API Developer,PestRoutes,https://stackoverflow.com/jobs/496064/senior-api-developer-pestroutes
Senior Site Reliability Engineer (Remote),Hypothesis.is,https://stackoverflow.com/jobs/458450/senior-site-reliability-engineer-remote-hypothesisis
Security Engineer (remote),Platform.sh,https://stackoverflow.com/jobs/397331/security-engineer-remote-platformsh
"Technical Account Manager, AMER",Canonical,https://stackoverflow.com/jobs/461308/technical-account-manager-amer-canonical
Senior Security Engineer,Clio,https://stackoverflow.com/jobs/522845/senior-security-engineer-clio
Technical Account Manager - Performance Tuning specialist (remote),Platform.sh,https://stackoverflow.com/jobs/521813/technical-account-manager-performance-tuning-platformsh
Senior Machine Learning Engineer - Growth,Spotify,https://stackoverflow.com/jobs/497040/senior-machine-learning-engineer-growth-spotify
Senior DevOps Engineer - Canada Remote,"Sailpoint Technologies, Inc.",https://stackoverflow.com/jobs/522625/senior-devops-engineer-canada-remote-sailpoint-technologies-inc
Data Engineer,"SocialChorus, Inc.",https://stackoverflow.com/jobs/523485/data-engineer-socialchorus-inc
Technical Leader,Trafilea,https://stackoverflow.com/jobs/495512/technical-leader-trafilea
Senior Ruby on Rails developer,Marketer Technologies AS,https://stackoverflow.com/jobs/518196/senior-ruby-on-rails-developer-marketer-technologies-as
Head of Data Science,FATMAP,https://stackoverflow.com/jobs/522740/head-of-data-science-fatmap
Testing and Deployment Engineer,Tutuka,https://stackoverflow.com/jobs/507678/testing-and-deployment-engineer-tutuka
"Site Reliability Engineer, APAC",Canonical,https://stackoverflow.com/jobs/454610/site-reliability-engineer-apac-canonical
Senior Data Engineer,Quadpay,https://stackoverflow.com/jobs/507694/senior-data-engineer-quadpay
Lead Data Scientist,Assurance,https://stackoverflow.com/jobs/512978/lead-data-scientist-assurance
Business Intelligence Analyst,Cosuno,https://stackoverflow.com/jobs/520303/business-intelligence-analyst-cosuno
"Senior Data Engineer - Automation (Kubernetes, Kuberflow, AWS, Docker)",Socure,https://stackoverflow.com/jobs/518212/senior-data-engineer-automation-kubernetes-socure
"Dedicated Services Engineer, Customer Dedicated, Tokyo (Remote)",Canonical,https://stackoverflow.com/jobs/469392/dedicated-services-engineer-customer-dedicated-canonical
"DevOps Engineer, FedRamp","Sailpoint Technologies, Inc.",https://stackoverflow.com/jobs/522621/devops-engineer-fedramp-sailpoint-technologies-inc
Site Reliability Engineer,SpotMe,https://stackoverflow.com/jobs/308372/site-reliability-engineer-spotme
Senior Quality Engineer & Quality Engineer-Remote (Level based on experience),Ultranauts Inc,https://stackoverflow.com/jobs/514642/senior-quality-engineer-quality-engineer-remote-ultranauts-inc
Senior Data Scientist - Data Foundation,Spotify,https://stackoverflow.com/jobs/499628/senior-data-scientist-data-foundation-spotify
Software Engineer - Integrations,Octopus Deploy,https://stackoverflow.com/jobs/513678/software-engineer-integrations-octopus-deploy
Senior Researcher: Website Performance,Defiant Inc,https://stackoverflow.com/jobs/505994/senior-researcher-website-performance-defiant-inc
Senior Researcher: Website Performance,Defiant Inc,https://stackoverflow.com/jobs/505994/senior-researcher-website-performance-defiant-inc
Software Engineer - Integrations,Octopus Deploy,https://stackoverflow.com/jobs/513678/software-engineer-integrations-octopus-deploy
Senior Machine Learning Engineer,Bombora,https://stackoverflow.com/jobs/497819/senior-machine-learning-engineer-bombora
Data Engineer,BlueLabs,https://stackoverflow.com/jobs/448563/data-engineer-bluelabs
DevOps Engineer,Invitae Corporation,https://stackoverflow.com/jobs/522515/devops-engineer-invitae-corporation
Site Reliability Engineer,SpotMe,https://stackoverflow.com/jobs/308372/site-reliability-engineer-spotme
Senior Quality Engineer & Quality Engineer-Remote (Level based on experience),Ultranauts Inc,https://stackoverflow.com/jobs/514642/senior-quality-engineer-quality-engineer-remote-ultranauts-inc
Senior Information Security Analyst- 1 year Contract - Remote,Tucows,https://stackoverflow.com/jobs/522324/senior-information-security-analyst-1-year-tucows
Senior IoT Systems Engineer,Canonical,https://stackoverflow.com/jobs/512707/senior-iot-systems-engineer-canonical
C++ Engineer - Desktop,Spotify,https://stackoverflow.com/jobs/496575/c-plus-plus-engineer-desktop-spotify
Senior iOS Engineer,Givelify,https://stackoverflow.com/jobs/497589/senior-ios-engineer-givelify
DevOps / SRE Engineer,Supermetrics Oy,https://stackoverflow.com/jobs/522228/devops-sre-engineer-supermetrics-oy
DevOps Cybersecurity Specialist,Invitae Corporation,https://stackoverflow.com/jobs/522355/devops-cybersecurity-specialist-invitae-corporation
DevOps Engineer,Cyware Labs,https://stackoverflow.com/jobs/503476/devops-engineer-cyware-labs
Associate IoT Systems Engineer,Canonical,https://stackoverflow.com/jobs/487604/associate-iot-systems-engineer-canonical
AppArmor Security Engineer,Canonical,https://stackoverflow.com/jobs/460784/apparmor-security-engineer-canonical
Site Reliability Engineer,Container Solutions B.V.,https://stackoverflow.com/jobs/486391/site-reliability-engineer-container-solutions-bv
Application Security Engineer,Contrast Security,https://stackoverflow.com/jobs/520040/application-security-engineer-contrast-security
Java Developer,UKG (Ultimate Kronos Group),https://stackoverflow.com/jobs/487627/java-developer-ukg-ultimate-kronos-group
Site Reliability Engineer,"Clique Brands, Inc.",https://stackoverflow.com/jobs/517731/site-reliability-engineer-clique-brands-inc
Senior Cloud Engineer Who Loves Linux and Operates Like a Developer,Nebulaworks,https://stackoverflow.com/jobs/462301/senior-cloud-engineer-who-loves-linux-and-nebulaworks
Head of DevOps,Arachnys,https://stackoverflow.com/jobs/519999/head-of-devops-arachnys
Data Janitor,Leaf Logistics,https://stackoverflow.com/jobs/518794/data-janitor-leaf-logistics
Senior Cloud Security Engineer,Contrast Security,https://stackoverflow.com/jobs/523556/senior-cloud-security-engineer-contrast-security
Applications and Systems Support Engineer,Veterinary Information Network,https://stackoverflow.com/jobs/455763/applications-and-systems-support-engineer-veterinary-information-network
Solutions Engineer,Karat,https://stackoverflow.com/jobs/523172/solutions-engineer-karat
Senior Site Reliability Engineer (Remote),Hypothesis.is,https://stackoverflow.com/jobs/458450/senior-site-reliability-engineer-remote-hypothesisis
"Technical Account Manager, AMER",Canonical,https://stackoverflow.com/jobs/461308/technical-account-manager-amer-canonical
Cloud Engineer,Olo,https://stackoverflow.com/jobs/516558/cloud-engineer-olo
Data Engineer,Tempo Software,https://stackoverflow.com/jobs/514052/data-engineer-tempo-software
"Site Reliability Engineer, APAC",Canonical,https://stackoverflow.com/jobs/454610/site-reliability-engineer-apac-canonical
"Site Reliability Engineer, Americas",Canonical,https://stackoverflow.com/jobs/454608/site-reliability-engineer-americas-canonical
Senior DevOps Engineer,Olo,https://stackoverflow.com/jobs/410138/senior-devops-engineer-olo
Software Architect Lead,ProQuest,https://stackoverflow.com/jobs/516048/software-architect-lead-proquest
Software Engineering Director - Fast Track,Canonical,https://stackoverflow.com/jobs/518809/software-engineering-director-fast-track-canonical
Director of SysOps (DevOps),"Magic Memories Digital, Ltd.",https://stackoverflow.com/jobs/522377/director-of-sysops-devops-magic-memories-digital-ltd
Team Lead Engineering (Infrastructure),MessageBird,https://stackoverflow.com/jobs/493193/team-lead-engineering-infrastructure-messagebird
Senior Operations / Security Engineer - AWS Required,Defiant Inc,https://stackoverflow.com/jobs/466003/senior-operations-security-engineer-aws-defiant-inc
DevOps Engineer,Cyware Labs,https://stackoverflow.com/jobs/503476/devops-engineer-cyware-labs
Site Reliability Engineer,Container Solutions B.V.,https://stackoverflow.com/jobs/486391/site-reliability-engineer-container-solutions-bv
Senior Technical Analyst and Software Project Manager,MapLarge,https://stackoverflow.com/jobs/466545/senior-technical-analyst-and-software-project-maplarge
Solutions Architect,Cyware Labs,https://stackoverflow.com/jobs/503467/solutions-architect-cyware-labs
Senior Full Stack Developer,OnCall Health,https://stackoverflow.com/jobs/522342/senior-full-stack-developer-oncall-health
VP of Engineering for Profitable SaaS,"Lead Sherpa, Inc.",https://stackoverflow.com/jobs/522987/vp-of-engineering-for-profitable-saas-lead-sherpa-inc
Hiring Senior & Mid Software Engineers,lightmatter,https://stackoverflow.com/jobs/523002/hiring-senior-mid-software-engineers-lightmatter
Senior Software Engineer,Rho Business Banking,https://stackoverflow.com/jobs/523543/senior-software-engineer-rho-business-banking
Senior Full Stack Engineer (Remote),Sector Labs,https://stackoverflow.com/jobs/517508/senior-full-stack-engineer-remote-sector-labs
Engineering Manager (m/w/x) - remote possible,Jimdo,https://stackoverflow.com/jobs/435308/engineering-manager-m-w-x-remote-possible-jimdo
Senior Full Stack Engineer (Remote OR NYC),Noom,https://stackoverflow.com/jobs/283522/senior-full-stack-engineer-remote-or-nyc-noom
"Software Engineering Manager, Mobile",Happy Money,https://stackoverflow.com/jobs/518645/software-engineering-manager-mobile-happy-money
Solutions Engineer,Karat,https://stackoverflow.com/jobs/523172/solutions-engineer-karat
Senior Software Engineer - Agent Tools,Assurance,https://stackoverflow.com/jobs/504974/senior-software-engineer-agent-tools-assurance
Senior Backend Engineer (Data Acquisition),App Annie,https://stackoverflow.com/jobs/503910/senior-backend-engineer-data-acquisition-app-annie
Backend Engineer,Mav Farm,https://stackoverflow.com/jobs/482431/backend-engineer-mav-farm
Software Automation Engineer,GoodNotes,https://stackoverflow.com/jobs/479128/software-automation-engineer-goodnotes
Senior Software Engineer - Data Insights,ComplyAdvantage,https://stackoverflow.com/jobs/504587/senior-software-engineer-data-insights-complyadvantage
Machine Learning Data Scientist at AI FinTech,Itemize,https://stackoverflow.com/jobs/518771/machine-learning-data-scientist-at-ai-fintech-itemize
Data Engineer,"Trellis Technologies, Inc.",https://stackoverflow.com/jobs/523008/data-engineer-trellis-technologies-inc
Back-End Engineer (.NET) (f/m/d) - Remote,HeidelbergCement AG,https://stackoverflow.com/jobs/491903/back-end-engineer-net-f-m-d-remote-heidelbergcement-ag
Lead NLP Data Scientist,Tessian,https://stackoverflow.com/jobs/475362/lead-nlp-data-scientist-tessian
Integration App Product Engineer,SyncSmart.io (by LyntonWeb.com),https://stackoverflow.com/jobs/519804/integration-app-product-engineer-syncsmartio-by
Lead DevOps Infrastructure Engineer - Australia,ENSEK,https://stackoverflow.com/jobs/523524/lead-devops-infrastructure-engineer-australia-ensek
"Engineering Manager, Data Infrastructure",HubSpot,https://stackoverflow.com/jobs/504204/engineering-manager-data-infrastructure-hubspot
"Data Infrastructure Engineer: Big Data, Functional Programming, Drug Discovery",Empirico Inc.,https://stackoverflow.com/jobs/500640/data-infrastructure-engineer-big-data-empirico-inc
Support Engineer,SDVI,https://stackoverflow.com/jobs/492303/support-engineer-sdvi
Solution Engineer,"Facet
                        via
Wade & Wendy",https://stackoverflow.com/jobs/522652/solution-engineer-facet
Data Scientist (Machine Learning/AI),1848 Ventures,https://stackoverflow.com/jobs/481224/data-scientist-machine-learning-ai-1848-ventures
Engineering Manager,Signifyd,https://stackoverflow.com/jobs/519598/engineering-manager-signifyd
Sr. Manager of Core Product Engineering,"Mattermost, Inc",https://stackoverflow.com/jobs/453703/sr-manager-of-core-product-engineering-mattermost-inc
Senior Backend Engineer,Sense,https://stackoverflow.com/jobs/521886/senior-backend-engineer-sense
Senior Data Cloud Architect -Azure,CGI Inc.,https://stackoverflow.com/jobs/523361/senior-data-cloud-architect-azure-cgi-inc
Cloud Infrastructure Engineer,UKG (Ultimate Kronos Group),https://stackoverflow.com/jobs/486405/cloud-infrastructure-engineer-ukg-ultimate-kronos-group
"Sr. Product Manager, SDKs & ML Platform",Signifyd,https://stackoverflow.com/jobs/520666/sr-product-manager-sdks-ml-platform-signifyd
